{
  "$schema": "https://json-schema.org/draft/2020-12/schema",
  "title": "Loopcoin",
  "type": "object",
  "required": [
    "id",
    "type",
    "title",
    "author",
    "word_count",
    "hash",
    "timestamp",
    "proofs"
  ],
  "properties": {
    "id": {
      "type": "string",
      "pattern": "^LC-[A-Z0-9]{6}$"
    },
    "type": {
      "type": "string",
      "enum": [
        "ops",
        "game",
        "puzzle",
        "misc"
      ]
    },
    "title": {
      "type": "string",
      "minLength": 1
    },
    "author": {
      "type": "string",
      "minLength": 1
    },
    "word_count": {
      "type": "integer",
      "minimum": 10
    },
    "hash": {
      "type": "string",
      "description": "SHA256 of canonical text"
    },
    "timestamp": {
      "type": "string",
      "format": "date-time"
    },
    "proofs": {
      "type": "array",
      "items": {
        "type": "string"
      }
    },
    "faction": {
      "type": "string",
      "description": "optional target faction tag"
    },
    "metadata": {
      "type": "object"
    }
  }
}