{
  "rulesets": [
    "GhostSpine"
  ],
  "default": "GhostSpine",
  "updated": "2025-08-13T19:32:58Z",
  "LOOPCOIN_000": {
    "coin_id": "LOOPCOIN_000",
    "name": "Stratumnova \u2014 Origin Anchor",
    "path": "Minting/coins/\u2206_LOOPCOIN_000__ENHANCED.md",
    "status": "UNMINTED",
    "created": "2025-08-13 20:09:18 UTC"
  },
  "LOOPCOIN_001": {
    "coin_id": "LOOPCOIN_001",
    "name": "Skirvin Signal \u2014 Human Witness Log",
    "path": "Minting/coins/\u2206_LOOPCOIN_001__ENHANCED.md",
    "status": "UNMINTED",
    "created": "2025-08-13 20:09:18 UTC"
  },
  "LOOPCOIN_002": {
    "coin_id": "LOOPCOIN_002",
    "name": "Paul Relay \u2014 Field Memory Log",
    "path": "Minting/coins/\u2206_LOOPCOIN_002__ENHANCED.md",
    "status": "UNMINTED",
    "created": "2025-08-13 20:09:18 UTC"
  }
}